,ticker,Time,Close,5D,10D,20D,50D,100D,200D
0,TSLA,12:00:44,362.0,361.31,363.0,358.09,351.73,379.69,397.99
1,BAC,12:00:44,58.67,60.58,61.56,61.68,61.72,57.61,54.65
2,OSCR,12:00:44,31.69,32.66,32.29,31.65,30.68,27.59,21.1
3,LYFT,12:00:45,15.66,15.52,16.01,16.69,16.27,15.18,15.79
4,SOFI,12:00:45,16.92,17.23,17.61,17.98,17.77,17.31,19.64
5,SPY,12:00:45,760.71,760.22,763.8,765.0,759.32,748.45,713.42
6,CVX,12:00:45,212.17,213.79,212.42,208.15,196.37,188.8,180.57
7,RKT,12:00:45,13.22,13.24,13.53,13.73,13.87,14.03,16.0
8,OPEN,12:00:45,2.62,2.73,2.91,3.15,3.69,4.23,4.91
9,OKLO,12:00:46,35.57,36.77,39.04,40.22,42.27,52.61,63.0
10,W,12:00:46,105.96,102.09,100.15,101.39,97.17,85.92,88.09
11,DIA,12:00:46,521.71,522.79,526.77,529.68,528.51,517.05,498.36
12,T,12:00:46,26.39,26.25,25.98,25.8,24.2,23.88,24.74
13,JNJ,12:00:46,267.98,266.69,269.85,269.56,262.08,247.26,235.85
14,QQQ,12:00:46,710.63,709.58,712.85,712.96,710.0,710.53,660.77
15,RDDT,12:00:46,159.46,158.92,155.89,154.21,165.67,166.02,173.2
16,GS,12:00:47,980.84,998.98,1014.12,1019.88,1037.12,1016.62,947.44
17,GOOG,12:00:47,342.65,339.13,336.71,338.08,343.89,356.41,335.51
18,PAAS,12:00:47,48.37,49.28,50.58,51.54,47.77,49.68,52.41
19,B,12:00:47,43.09,43.07,43.87,45.06,40.86,40.48,42.35
20,APLD,12:00:47,24.52,24.94,25.74,26.33,27.94,34.6,32.3
21,ALLE,12:00:47,153.73,153.34,153.95,156.41,154.11,143.47,149.62
22,NET,12:00:48,328.05,320.67,303.8,297.17,289.64,258.58,226.56
23,AVGO,12:00:48,342.3,349.82,356.44,360.54,381.51,394.23,368.8
24,GOOGL,12:00:48,345.96,342.29,339.81,341.24,345.93,358.82,336.79
25,GE,12:00:48,317.61,318.01,325.05,334.88,349.93,336.11,321.81
26,MS,12:00:48,207.81,209.54,212.6,213.04,214.71,209.32,191.09
27,QCOM,12:00:48,189.27,183.21,177.29,169.82,168.09,185.52,166.83
28,CHAT,12:00:49,86.92,86.85,87.77,87.54,87.18,88.87,76.0
29,C,12:00:49,135.79,137.09,137.02,134.63,134.47,133.12,123.56
30,GROY,12:00:49,3.33,3.35,3.35,3.37,3.0,3.07,3.6
31,GM,12:00:49,85.04,85.86,85.84,85.96,84.39,81.49,80.07
32,PZZA,12:00:49,20.15,20.94,21.7,22.62,26.74,30.35,32.98
33,WULF,12:00:49,15.27,15.62,16.07,15.88,17.43,20.86,17.99
34,CVS,12:00:50,93.43,94.68,95.6,94.76,99.4,96.63,86.29
35,JPM,12:00:50,352.04,352.89,354.96,355.12,352.6,332.46,318.3
36,ORLY,12:00:50,85.07,85.76,86.3,87.8,88.51,89.46,91.68
37,BBW,12:00:50,26.02,26.94,28.06,31.66,33.6,34.09,42.15
38,LOW,12:00:50,196.69,196.58,198.85,205.17,209.59,214.86,233.08
39,M,12:00:50,22.19,21.78,21.98,22.19,23.22,22.33,21.23
40,MDB,12:00:50,382.99,375.81,372.2,400.11,376.88,348.73,343.85
41,TSLA,12:00:51,361.97,361.3,363.0,358.08,351.73,379.69,397.99
42,PBA,12:00:51,47.76,47.44,47.84,47.95,48.47,47.38,43.9
43,META,12:00:51,677.26,661.1,639.3,602.0,605.19,603.83,623.25
44,WMT,12:00:51,108.29,107.67,107.19,106.3,109.99,115.93,118.25
45,CAT,12:00:51,791.36,796.49,802.69,806.22,845.62,881.17,779.86
46,TSM,12:00:51,418.52,422.31,424.73,420.69,417.57,419.36,376.98
47,RBLX,12:00:52,48.78,48.14,45.61,42.29,44.24,45.9,58.29
48,HD,12:00:52,307.87,307.73,311.81,321.23,331.21,325.58,337.83
49,APP,12:00:52,329.77,326.78,320.42,315.05,365.52,434.42,478.3
50,DASH,12:00:52,196.3,200.22,205.87,217.52,205.26,185.92,188.62
51,EME,12:00:52,748.65,752.57,752.0,757.16,773.44,813.87,764.08
52,IREN,12:00:52,43.37,43.12,43.38,41.63,40.29,47.22,45.58
53,DUK,12:00:53,118.48,118.81,119.79,120.54,123.01,123.36,122.33
54,AEO,12:00:53,15.07,14.97,16.0,16.34,16.84,16.82,19.45
55,GLD,12:00:53,398.95,396.21,400.39,408.46,392.18,398.21,416.15
56,DLTH,12:00:53,4.31,4.47,4.4,4.07,4.11,3.94,3.28
57,HOOD,12:00:53,104.85,111.11,114.2,109.38,103.16,95.46,95.01
58,F,12:00:53,13.45,13.73,13.93,13.98,14.03,13.87,13.28
59,TEM,12:00:54,69.49,63.66,63.51,64.96,56.27,53.6,56.12
60,UBER,12:00:54,71.47,71.95,73.21,75.62,73.82,73.48,75.84
61,XOM,12:00:54,164.34,165.99,164.07,162.91,156.29,151.25,144.85
62,WFC,12:00:54,88.55,89.34,89.28,87.3,87.0,83.34,84.38
63,DAVE,12:00:54,371.83,364.27,370.4,363.4,376.71,330.52,265.83
64,DDOG,12:00:55,235.37,227.72,221.1,226.5,245.0,228.99,178.51
65,HIMS,12:00:55,28.1,27.94,28.0,29.4,30.51,29.61,28.09
66,HWM,12:00:55,227.66,227.4,237.38,251.58,269.36,265.11,246.33
67,AZO,12:00:55,2902.58,2897.31,2923.5,2955.95,3005.55,3125.89,3347.44
68,PANW,12:00:55,379.27,359.49,346.32,352.96,351.26,304.75,238.79
69,NVDA,12:00:55,216.07,215.17,220.72,218.44,213.41,211.32,197.6
70,DIN,12:00:56,27.43,28.01,29.67,32.0,34.04,32.52,31.98
71,IONQ,12:00:56,36.88,37.0,37.98,39.57,39.46,47.24,43.93
72,WBD,12:00:56,28.04,28.08,28.14,28.38,27.31,27.1,27.46
73,PM,12:00:56,193.96,192.75,189.08,189.84,189.07,183.24,173.95
74,ORCL,12:00:56,143.58,146.39,151.47,148.82,140.72,162.44,165.98
75,YUM,12:00:56,139.91,142.35,145.79,148.97,150.01,151.51,153.16
76,PLTR,12:00:56,171.43,170.08,171.65,175.51,156.35,145.19,151.65
77,PLD,12:00:57,135.61,135.36,136.32,138.92,141.6,141.75,136.58
78,DELL,12:00:57,570.99,544.54,532.45,489.85,457.28,393.94,267.48
79,CRWV,12:00:57,84.42,85.29,87.6,87.23,85.46,96.38,92.03
80,CRWD,12:00:57,243.49,227.39,218.63,211.39,205.25,181.86,145.83
81,MARA,12:00:57,11.28,11.49,11.46,11.22,11.2,12.22,10.94
82,COIN,12:00:57,165.63,175.35,178.27,179.22,165.68,171.54,190.05
83,CRCL,12:00:57,81.31,89.19,92.9,90.77,75.73,85.16,85.78
84,CMS,12:00:58,66.55,66.82,67.62,68.19,70.72,72.08,72.33
85,NVTS,12:00:58,10.75,11.05,11.29,11.78,12.23,16.71,13.03
86,DKS,12:00:58,124.89,129.26,132.19,141.48,179.55,200.35,201.45
87,CGNX,12:00:58,60.32,61.06,61.24,60.89,62.85,63.18,54.27
88,VZ,12:00:58,50.72,50.81,50.51,50.18,47.42,46.56,45.08
89,IBM,12:00:58,240.97,243.15,238.91,236.52,234.1,244.86,257.25
90,PSKY,12:00:59,11.1,10.76,10.74,10.65,9.62,9.95,10.72
91,AXP,12:00:59,317.54,323.03,324.9,329.36,338.2,330.15,334.88
92,BA,12:00:59,210.8,209.2,209.48,210.65,217.48,220.64,221.15
93,AMZN,12:00:59,248.15,251.76,254.05,257.3,255.6,255.3,240.12
94,DTE,12:01:00,131.53,132.0,134.25,135.42,140.77,143.05,140.18
95,MSFT,12:01:00,494.31,496.98,497.72,496.36,459.77,432.4,430.0
96,QSR,12:01:00,76.06,76.78,77.85,78.54,76.16,75.5,72.9
97,SMCI,12:01:00,36.6,37.29,38.01,37.55,33.09,33.25,31.54
98,HSY,12:01:00,172.37,172.83,173.52,178.69,177.31,180.0,189.48
99,HAS,12:01:00,90.64,90.66,91.16,92.81,90.1,88.68,88.78
100,QUBT,12:01:01,7.96,7.92,7.96,8.16,8.3,9.25,9.4
101,CELH,12:01:01,28.55,27.7,28.92,31.06,29.74,30.18,37.32
102,BP,12:01:01,45.76,46.17,45.27,44.36,42.84,42.37,40.3
103,INTC,12:01:01,102.12,99.94,98.79,94.3,97.22,106.31,76.48
104,LEVI,12:01:01,20.12,20.09,20.39,20.82,22.72,22.76,21.7
105,MA,12:01:02,570.57,570.56,574.43,581.38,564.54,531.1,530.35
106,MP,12:01:02,49.21,50.18,52.36,54.79,51.08,56.14,57.4
107,ROKU,12:01:02,155.85,155.79,155.88,156.66,150.64,139.55,120.15
108,SHOP,12:01:02,132.01,130.23,134.49,141.81,135.82,123.93,130.61
109,SHEL,12:01:02,96.54,96.93,95.37,93.82,89.79,86.47,82.65
110,SNOW,12:01:02,334.22,329.65,331.47,327.87,307.6,255.23,221.89
111,CVNA,12:01:02,66.75,68.79,71.43,72.1,69.29,69.75,73.18
112,CDNS,12:01:02,280.25,281.52,288.05,307.52,328.71,349.13,326.38
113,DKNG,12:01:03,24.45,24.48,24.23,24.63,24.55,24.96,26.55
114,WYNN,12:01:03,84.81,87.08,89.25,92.93,96.6,99.1,105.46
115,TJX,12:01:03,125.14,125.63,127.88,132.9,146.08,151.21,153.07
116,VAC,12:01:03,101.43,101.93,101.85,106.42,105.32,94.91,77.88
117,AAPL,12:01:03,332.85,331.22,326.08,320.41,319.15,306.95,285.38
118,BKNG,12:01:03,173.52,173.6,180.75,193.7,192.82,180.4,184.35
119,BBY,12:01:04,92.78,91.95,90.19,87.58,85.9,76.69,70.93
120,CSCO,12:01:04,110.71,110.08,109.63,110.17,113.58,112.57,95.45
121,DIS,12:01:04,107.97,107.07,106.5,107.36,102.43,101.78,103.44
122,EAT,12:01:04,211.33,211.23,218.4,228.31,215.5,182.18,166.44
123,FLUT,12:01:04,97.68,99.5,100.19,100.0,101.78,101.99,128.38
124,INTU,12:01:04,322.57,325.07,327.81,342.65,323.01,324.84,413.53
125,DAL,12:01:05,78.57,79.08,79.02,80.09,84.72,81.69,74.59
126,NKE,12:01:05,36.4,36.62,37.39,38.31,40.4,41.75,49.57
127,PINS,12:01:05,18.58,18.97,19.58,21.26,22.52,21.55,21.71
128,SCHW,12:01:05,106.25,107.19,107.72,109.09,106.52,98.52,97.46
129,SPOT,12:01:05,552.67,542.94,542.83,541.57,511.58,489.85,505.13
130,V,12:01:05,371.53,372.02,372.83,374.72,365.92,346.46,334.5
131,NFLX,12:01:06,77.39,77.8,78.55,79.63,75.82,79.63,85.83
132,XYZ,12:01:06,77.83,78.78,80.2,81.03,80.52,76.43,69.38
133,BLSH,12:01:06,33.57,35.13,35.04,33.27,27.64,30.07,33.9
134,FIG,12:01:06,22.76,23.18,23.57,25.64,24.58,22.48,25.5
135,PFE,12:01:06,27.62,27.65,28.01,28.1,26.38,25.73,25.58
136,TXN,12:01:06,264.77,263.83,260.67,261.22,275.17,285.43,241.19
137,NBIS,12:01:07,217.32,217.91,221.49,217.92,211.94,214.47,159.51
138,H,12:01:07,161.43,161.96,162.54,168.87,177.26,179.43,169.2
139,MCD,12:01:07,251.52,253.47,255.29,260.04,265.14,271.04,290.25
140,MGM,12:01:07,38.67,39.67,40.35,41.58,43.85,43.52,39.85
141,CHWY,12:01:07,21.3,21.07,22.12,22.94,22.41,21.86,25.4
142,SLV,12:01:07,58.31,57.66,58.78,59.96,56.6,60.53,65.73
143,RGTI,12:01:07,14.94,15.15,15.2,15.75,16.0,18.07,18.95
144,PEP,12:01:08,135.23,136.01,137.04,138.68,137.73,141.13,145.42
145,MRK,12:01:08,144.35,143.82,146.5,148.28,136.23,126.17,118.44
146,YYAI,12:01:08,0.72,0.73,0.78,0.89,47.55,172.55,499.98
147,STUB,12:01:08,5.95,5.98,6.13,6.37,7.99,8.93,9.68
148,NXST,12:01:08,167.34,169.14,171.15,177.83,181.57,182.13,195.34
149,RL,12:01:08,344.09,339.3,341.12,351.19,370.58,372.08,364.94
150,ICOP,12:01:09,53.89,54.44,56.27,57.41,53.5,52.7,50.63
151,SERV,12:01:09,4.27,4.39,4.61,4.72,5.02,6.51,8.55
152,SE,12:01:09,105.03,106.06,109.03,113.3,112.0,100.91,104.76
153,BMNR,12:01:09,22.77,24.27,24.48,24.07,19.88,19.07,22.14
154,BABA,12:01:09,108.47,108.98,110.38,115.12,117.98,119.33,132.92
155,KR,12:01:09,61.43,60.01,58.9,58.28,57.75,60.27,63.13
156,BRKR,12:01:10,59.28,54.94,56.44,57.19,58.04,54.21,48.29
157,BBAI,12:01:10,2.82,2.84,2.88,2.99,3.02,3.55,4.19
158,WDC,12:01:10,425.44,434.49,448.95,452.8,487.0,511.37,383.02
159,NEM,12:01:11,123.08,124.66,126.25,127.58,111.2,108.41,109.44
160,STX,12:01:11,787.72,811.52,830.43,831.09,845.19,847.73,613.2
161,GEV,12:01:11,926.2,912.99,929.3,934.4,989.16,1014.96,898.01
162,MPC,12:01:11,416.23,402.37,397.27,381.04,340.93,296.48,247.71
163,PNC,12:01:11,237.4,241.62,242.5,242.57,248.05,236.75,224.22
164,AMD,12:01:11,524.35,508.34,495.93,482.89,495.27,482.42,351.35
165,SMR,12:01:11,8.19,8.79,9.49,9.42,9.05,10.16,12.65
166,NRG,12:01:12,107.92,109.5,112.44,113.01,122.94,130.55,144.02
167,TPR,12:01:12,120.24,117.92,118.79,123.08,136.36,138.65,137.87
168,APH,12:01:12,78.29,79.73,80.66,79.9,80.06,76.65,73.17
169,LRCX,12:01:12,272.97,282.71,293.84,301.0,310.03,317.0,265.79
170,NIO,12:01:12,3.62,3.63,3.72,4.06,4.47,5.01,5.14
171,MBX,12:01:12,61.51,60.41,61.2,63.34,63.66,50.6,41.83
172,KLAC,12:01:13,170.6,173.11,176.82,178.99,194.77,202.5,173.41
173,NI,12:01:13,40.94,41.09,41.32,41.16,43.19,45.04,44.53
174,MU,12:01:13,927.2,946.3,969.04,955.54,926.21,898.62,632.44
175,IDXX,12:01:13,520.0,510.3,519.05,536.02,552.99,554.41,599.79
176,GLW,12:01:13,146.03,152.54,154.16,151.73,156.37,172.64,145.98
177,QBTS,12:01:13,16.26,16.59,16.76,17.52,18.47,20.96,21.33
178,LMT,12:01:14,538.45,531.12,530.6,546.03,553.35,534.31,552.83
179,QS,12:01:14,5.0,5.14,5.29,5.52,5.72,6.72,7.77
180,DLR,12:01:14,182.79,182.28,184.35,186.43,186.17,186.91,177.34
181,EQIX,12:01:14,1025.72,1018.59,1027.33,1045.09,1041.12,1052.7,962.41
182,CEG,12:01:14,258.24,270.68,282.04,279.3,270.45,273.41,293.04
183,NEE,12:01:14,81.04,81.7,82.56,82.94,85.26,86.87,86.53
184,ETN,12:01:15,400.65,404.15,405.69,408.24,414.9,410.03,381.85
185,VRT,12:01:15,241.43,243.7,257.79,259.02,274.45,299.43,260.32
186,OXY,12:01:15,60.14,61.61,61.02,60.34,57.58,56.43,52.63
187,ALB,12:01:15,111.58,115.86,122.88,129.44,125.63,147.25,155.55
188,JMIA,12:01:15,7.45,7.37,7.32,7.06,6.58,6.82,8.48
189,OUST,12:01:15,34.05,34.17,35.17,35.74,38.9,38.69,30.48
190,PGY,12:01:16,21.22,20.8,21.56,21.62,20.0,17.43,17.26
191,LAC,12:01:16,2.82,2.89,2.96,3.03,3.06,3.93,4.39
192,PL,12:01:16,16.0,16.27,17.28,19.22,21.61,29.19,27.16
193,GLXY,12:01:16,22.18,23.43,24.62,24.2,22.97,26.16,25.04
194,TMQ,12:01:16,3.17,3.23,3.32,3.51,3.4,3.72,4.11
195,ASTS,12:01:16,59.06,59.52,61.3,61.59,63.79,75.02,81.61
196,UAL,12:01:16,106.7,107.78,108.26,110.24,117.96,113.29,108.75
197,BG,12:01:17,119.6,121.92,121.87,118.09,115.21,117.65,113.96
198,BBWI,12:01:17,17.26,17.58,18.15,18.56,19.31,19.19,19.68
199,GT,12:01:17,5.3,5.36,5.7,5.9,6.42,6.36,7.31
200,KHC,12:01:17,24.84,24.57,24.81,24.95,25.1,23.95,23.25
201,KO,12:01:17,88.42,88.21,87.94,88.76,86.36,82.87,78.05
202,PG,12:01:17,147.81,145.77,145.81,145.27,145.9,145.61,145.85
203,LPLA,12:01:18,336.0,344.89,349.91,355.99,348.16,321.84,330.18
204,ONDS,12:01:18,7.18,7.23,7.39,7.8,7.96,8.83,9.51
205,VVV,12:01:18,27.86,29.45,30.37,31.63,35.14,35.29,34.37
206,IWM,12:01:18,286.56,286.79,290.06,293.42,294.88,290.55,273.12
207,USAR,12:01:18,15.27,15.6,16.58,17.46,17.14,20.52,19.35
208,ZG,12:01:18,32.74,32.97,33.75,35.12,34.21,35.5,45.36
209,AAL,12:01:19,12.84,12.91,12.96,13.3,14.57,14.44,13.93
210,ADBE,12:01:19,251.14,255.11,261.97,271.15,254.91,244.36,265.7
211,LAD,12:01:19,346.17,355.3,365.1,367.64,359.81,324.56,312.51
212,HAL,12:01:19,34.98,35.51,36.35,35.8,34.3,36.48,34.85
213,PYPL,12:01:19,53.33,53.64,53.97,56.47,56.13,50.31,50.5
214,ANF,12:01:19,141.71,141.13,143.9,135.27,114.93,98.48,99.47
215,DNUT,12:01:20,3.15,3.18,3.26,3.38,3.3,3.44,3.55
216,CRM,12:01:20,250.49,251.26,253.02,239.75,203.89,188.71,200.86
217,DOCU,12:01:20,71.09,68.83,67.34,65.05,58.75,52.87,53.7
218,PATH,12:01:20,13.85,14.07,14.93,16.04,14.28,12.54,12.91
219,BUD,12:01:20,79.92,79.02,79.24,79.06,80.56,80.32,74.83
220,HON,12:01:20,208.81,203.63,205.46,211.15,225.1,227.55,228.25
221,ET,12:01:21,21.27,21.47,21.5,21.39,20.63,19.87,18.56
222,KHC,12:01:21,24.84,24.57,24.81,24.95,25.1,23.95,23.25
223,LULU,12:01:21,97.75,98.45,103.76,111.27,116.07,119.83,150.29
224,KDP,12:01:21,31.75,31.53,32.04,31.97,31.15,30.64,29.02
225,LLY,12:01:21,1147.39,1132.1,1137.76,1174.76,1179.19,1122.01,1062.76
226,MNST,12:01:21,44.69,44.0,43.83,45.55,46.72,45.35,42.03
227,BRK-B,12:01:22,520.58,513.93,510.16,506.13,504.53,494.38,492.63
228,ABAT,12:01:22,2.16,2.36,2.56,2.55,2.46,2.83,3.28
229,AFRM,12:01:22,72.35,71.45,71.82,73.93,75.42,72.73,66.69
230,FDX,12:01:22,304.19,309.27,312.68,320.59,317.58,316.68,292.67
231,REGN,12:01:22,778.11,784.14,806.19,813.25,758.28,705.48,731.92
232,SBUX,12:01:22,98.17,98.36,101.08,103.81,104.51,102.94,97.2
233,ZIM,12:01:23,29.39,29.54,29.14,28.4,26.62,26.06,24.77
234,WDFC,12:01:23,190.67,193.22,199.78,207.98,225.16,220.71,217.3
235,AMC,12:01:23,2.61,2.5,2.53,2.57,2.45,2.13,1.8
236,BULL,12:01:23,7.97,8.84,9.19,9.1,8.16,7.45,7.19
237,UPS,12:01:23,99.89,100.99,101.34,102.62,105.54,104.14,102.31
238,CAG,12:01:23,15.15,14.85,15.19,15.71,15.09,14.28,15.36
239,CART,12:01:24,46.21,47.69,48.74,49.73,47.96,45.21,42.58
240,UNH,12:01:24,379.1,380.25,388.07,389.51,404.16,396.73,349.6
241,TSN,12:01:24,52.64,52.76,52.68,54.5,56.36,58.58,59.38
242,BLNE,12:01:24,1.04,1.06,1.06,1.03,1.02,1.21,1.86
243,JD,12:01:24,26.93,27.07,27.39,28.14,29.63,29.36,28.63
244,BYRN,12:01:24,3.7,3.66,3.61,3.62,3.91,4.88,9.08
245,TWLO,12:01:25,239.55,234.41,232.54,230.54,219.33,206.58,167.07
246,CAVA,12:01:25,51.3,53.21,56.69,62.69,64.97,73.33,72.31
247,TGT,12:01:25,155.17,155.97,159.19,161.28,150.12,138.46,123.33
248,TMUS,12:01:25,178.67,180.31,181.74,181.12,181.03,182.9,191.57
249,CBRL,12:01:25,44.85,47.89,50.69,53.54,54.32,45.94,37.49
250,AAP,12:01:25,43.81,44.06,43.59,44.0,51.1,54.02,51.76
251,CHD,12:01:25,95.12,94.46,96.05,98.32,98.66,97.2,94.82
252,CMG,12:01:26,34.38,35.71,36.46,36.75,35.12,33.69,35.0
253,CZR,12:01:26,29.67,29.66,29.67,29.67,29.78,29.25,26.79
254,GIS,12:01:26,37.06,36.38,37.48,38.97,37.8,35.77,38.6
255,JBLU,12:01:26,4.35,4.35,4.46,4.64,5.27,5.21,5.11
256,KMX,12:01:26,59.33,60.54,61.09,61.55,59.03,51.8,47.16
257,KVUE,12:01:26,17.91,17.86,18.23,18.67,18.87,18.24,17.66
258,NVO,12:01:27,42.03,43.02,44.57,45.51,46.79,45.56,45.0
259,NWL,12:01:27,5.79,5.78,5.94,5.96,5.68,5.01,4.45
260,WEN,12:01:27,7.28,7.49,7.67,8.12,7.83,7.5,7.47
261,WING,12:01:27,103.51,109.34,109.93,111.72,124.1,137.62,184.75
